model,set,measure,value
mdl1,CV,Accuracy,0.9524116584988394
mdl1,CV,Kappa,0
mdl1,CV,AUC_ROC,0.7155818760286452
mdl1,CV,AUC_PR,0.0831686168348869
mdl1,CV,Brier,0.043964590636646705
